{"cameraMode":{"drawMode":0,"name":"Shaded","section":"Shading Mode"},"sceneLighting":true,"audioPlay":false,"sceneViewState":{"m_AlwaysRefresh":false,"showFog":true,"showSkybox":true,"showFlares":true,"showImageEffects":true,"showParticleSystems":true,"showVisualEffectGraphs":true,"m_FxEnabled":true},"in2DMode":false,"pivot":{"x":17.30768585205078,"y":1.9659472703933716,"z":0.05224776268005371},"rotation":{"x":0.005690147168934345,"y":0.008097238838672638,"z":0.00004604291098075919,"w":-0.9999514222145081},"size":4.4676713943481449,"orthographic":false}